Kepler ID,KOI Name,Exoplanet Prediction
10811496,K00753.01,FALSE POSITIVE
11138155,K00760.01,CONFIRMED
11818800,K00777.01,FALSE POSITIVE
11918099,K00780.02,FALSE POSITIVE
9579641,K00115.03,FALSE POSITIVE
3115833,K00797.01,FALSE POSITIVE
3453214,K00802.01,FALSE POSITIVE
4544670,K00815.01,FALSE POSITIVE
4936180,K00820.01,FALSE POSITIVE
5115978,K00823.01,FALSE POSITIVE
6867155,K00868.01,CONFIRMED
6526710,K00856.01,FALSE POSITIVE
6599919,K00858.01,FALSE POSITIVE
6862328,K00865.01,CONFIRMED
7031517,K00871.01,FALSE POSITIVE
7380537,K00883.01,FALSE POSITIVE
8013419,K00901.01,CONFIRMED
8018547,K00902.01,CONFIRMED
8552202,K00914.01,CONFIRMED
9140402,K00928.01,CONFIRMED
8951215,K00924.01,CONFIRMED
9347899,K00935.04,CONFIRMED
2860866,K01103.01,CONFIRMED
10460629,K01168.01,CONFIRMED
10319385,K01169.01,CONFIRMED
11502218,K00970.01,FALSE POSITIVE
11180361,K00971.01,FALSE POSITIVE
10287723,K01174.01,CONFIRMED
10350571,K01175.02,CONFIRMED
11013201,K00972.01,CONFIRMED
11013201,K00972.02,CONFIRMED
9414417,K00974.01,CONFIRMED
2307199,K00151.01,FALSE POSITIVE
9032900,K00134.01,CONFIRMED
2853446,K01118.01,CONFIRMED
3942446,K01193.01,FALSE POSITIVE
3554031,K01194.02,CONFIRMED
10743597,K00989.03,FALSE POSITIVE
3644071,K01192.01,FALSE POSITIVE
1431122,K00994.01,CONFIRMED
8260218,K01066.01,CONFIRMED
6359320,K01127.03,CONFIRMED
12105051,K00141.01,CONFIRMED
8240904,K01070.03,FALSE POSITIVE
3756801,K01206.01,CONFIRMED
8313667,K01145.01,CONFIRMED
10149023,K01081.01,FALSE POSITIVE
10141900,K01082.01,CONFIRMED
10141900,K01082.02,CONFIRMED
9772531,K00950.01,CONFIRMED
10295951,K01154.01,FALSE POSITIVE
3329204,K01095.01,CONFIRMED
3230491,K01096.01,FALSE POSITIVE
2162635,K01032.01,FALSE POSITIVE
7102227,K01360.03,FALSE POSITIVE
6837146,K01362.01,CONFIRMED
11122894,K01426.03,FALSE POSITIVE
6607286,K01239.01,FALSE POSITIVE
6607286,K01239.02,CONFIRMED
11075279,K01431.01,FALSE POSITIVE
6607447,K01242.01,FALSE POSITIVE
6441738,K01246.01,CONFIRMED
8616873,K01251.01,FALSE POSITIVE
8494263,K01255.01,CONFIRMED
10928043,K01315.01,CONFIRMED
8813698,K01268.01,FALSE POSITIVE
4074736,K01328.01,CONFIRMED
4274548,K01331.01,CONFIRMED
11336883,K01445.02,FALSE POSITIVE
8631160,K01271.01,CONFIRMED
9202151,K01393.01,CONFIRMED
4760746,K01455.01,FALSE POSITIVE
8804283,K01276.01,CONFIRMED
8804283,K01276.02,CONFIRMED
4077526,K01336.04,FALSE POSITIVE
9427402,K01397.01,CONFIRMED
3962440,K01208.01,CONFIRMED
3534076,K01209.01,CONFIRMED
4466677,K01338.02,CONFIRMED
4466677,K01338.03,FALSE POSITIVE
9100484,K01399.01,CONFIRMED
6620003,K01225.01,FALSE POSITIVE
6719086,K01357.01,CONFIRMED
7376983,K01358.01,CONFIRMED
11026304,K01420.01,CONFIRMED
11342550,K01421.01,CONFIRMED
7376983,K01358.02,CONFIRMED
7376983,K01358.03,CONFIRMED
7376983,K01358.04,CONFIRMED
6946199,K01359.02,FALSE POSITIVE
10867062,K01303.01,CONFIRMED
8046659,K01560.01,FALSE POSITIVE
9636135,K01498.02,CONFIRMED
7841925,K01499.02,FALSE POSITIVE
7841925,K01499.03,FALSE POSITIVE
4276716,K01619.01,CONFIRMED
7287683,K01622.01,CONFIRMED
8266276,K01731.01,CONFIRMED
8396405,K01733.01,CONFIRMED
9017682,K01630.01,CONFIRMED
10749128,K01639.02,FALSE POSITIVE
11904734,K01764.01,FALSE POSITIVE
10153011,K01773.01,FALSE POSITIVE
11870545,K01510.01,FALSE POSITIVE
5031857,K01573.02,CONFIRMED
9729691,K01751.02,CONFIRMED
10028792,K01574.03,CONFIRMED
11153121,K01647.03,FALSE POSITIVE
6705142,K01758.01,CONFIRMED
5299459,K01576.03,FALSE POSITIVE
4471747,K01656.01,CONFIRMED
7939330,K01581.01,FALSE POSITIVE
4918309,K01582.01,CONFIRMED
4830605,K01660.01,CONFIRMED
12120943,K01458.01,FALSE POSITIVE
7768451,K01527.01,CONFIRMED
9932970,K01587.01,FALSE POSITIVE
4932442,K01665.02,FALSE POSITIVE
5360920,K01675.01,FALSE POSITIVE
11702948,K01465.01,FALSE POSITIVE
9512981,K01466.01,CONFIRMED
5531953,K01681.01,CONFIRMED
9872292,K01537.01,CONFIRMED
5542466,K01590.01,CONFIRMED
4178389,K00185.01,FALSE POSITIVE
5542466,K01590.03,CONFIRMED
7499398,K01473.01,CONFIRMED
4770365,K01475.03,CONFIRMED
5972334,K00191.03,CONFIRMED
7811397,K01477.01,CONFIRMED
5475431,K01546.01,FALSE POSITIVE
5039228,K01597.01,CONFIRMED
7512982,K01480.02,CONFIRMED
5283458,K01547.01,FALSE POSITIVE
8053552,K01549.01,FALSE POSITIVE
7750419,K01708.01,CONFIRMED
7984047,K01552.01,CONFIRMED
5513648,K01962.01,CONFIRMED
7887791,K01964.01,CONFIRMED
9634821,K02037.01,CONFIRMED
9634821,K02037.03,CONFIRMED
11253711,K01972.01,CONFIRMED
9111849,K02042.01,FALSE POSITIVE
11773328,K01906.01,CONFIRMED
5080636,K01843.02,FALSE POSITIVE
3338885,K01845.02,FALSE POSITIVE
3248501,K02052.01,FALSE POSITIVE
11570749,K01856.01,CONFIRMED
2579043,K02064.01,CONFIRMED
8160953,K01858.02,FALSE POSITIVE
4157325,K01860.03,CONFIRMED
10158418,K01784.01,FALSE POSITIVE
3648437,K01861.01,CONFIRMED
2449431,K02009.01,CONFIRMED
5731623,K01793.01,FALSE POSITIVE
10602291,K00210.01,FALSE POSITIVE
9758089,K01871.01,CONFIRMED
9883311,K01872.01,FALSE POSITIVE
4242147,K01934.01,CONFIRMED
4349442,K01803.01,CONFIRMED
10656508,K00211.01,CONFIRMED
2832589,K01942.01,CONFIRMED
11656918,K01945.02,FALSE POSITIVE
10844890,K01946.01,CONFIRMED
8624520,K01816.01,CONFIRMED
4851530,K01884.01,CONFIRMED
4851530,K01884.02,CONFIRMED
6300348,K00212.01,CONFIRMED
11030475,K02248.04,FALSE POSITIVE
8261920,K02174.01,CONFIRMED
6119141,K02343.01,CONFIRMED
3734418,K02261.02,FALSE POSITIVE
9654875,K02272.01,FALSE POSITIVE
3097926,K02186.01,CONFIRMED
10518424,K02188.02,FALSE POSITIVE
5730445,K02189.01,FALSE POSITIVE
5602588,K02369.02,FALSE POSITIVE
5385304,K02370.01,FALSE POSITIVE
11462341,K02124.01,CONFIRMED
11073656,K02206.01,CONFIRMED
7215678,K02354.01,FALSE POSITIVE
7449554,K02357.01,CONFIRMED
3440978,K02288.01,FALSE POSITIVE
9532710,K02364.01,CONFIRMED
9580992,K02217.01,CONFIRMED
6934986,K02294.01,CONFIRMED
4049901,K02295.01,CONFIRMED
10798331,K02373.01,CONFIRMED
9334893,K02298.01,CONFIRMED
9289704,K02222.01,FALSE POSITIVE
3229150,K02150.01,FALSE POSITIVE
8892157,K02224.02,FALSE POSITIVE
11520459,K02226.01,CONFIRMED
10026544,K02312.01,FALSE POSITIVE
2853780,K02081.01,FALSE POSITIVE
6185476,K00227.01,CONFIRMED
8804455,K02159.01,CONFIRMED
7746958,K02324.01,FALSE POSITIVE
6525946,K02093.01,FALSE POSITIVE
6041734,K02167.02,FALSE POSITIVE
11030475,K02248.02,FALSE POSITIVE
11030475,K02248.03,FALSE POSITIVE
9006186,K02169.04,FALSE POSITIVE
10471621,K02554.01,FALSE POSITIVE
10471621,K02554.02,CONFIRMED
11752906,K00253.02,CONFIRMED
8074328,K02486.01,CONFIRMED
4670217,K02560.01,CONFIRMED
9574179,K02637.01,CONFIRMED
11391755,K02639.01,CONFIRMED
11391755,K02639.02,FALSE POSITIVE
8894646,K02641.01,CONFIRMED
8247770,K02569.01,CONFIRMED
6867588,K02571.01,CONFIRMED
7501646,K02572.01,CONFIRMED
8838950,K02421.01,FALSE POSITIVE
12257999,K02577.01,FALSE POSITIVE
6922203,K02578.01,FALSE POSITIVE
2437505,K02671.01,FALSE POSITIVE
8836888,K02508.01,CONFIRMED
10387742,K02583.01,CONFIRMED
8636539,K02656.01,CONFIRMED
9283156,K02657.01,CONFIRMED
9574158,K02512.01,CONFIRMED
9653622,K02513.01,FALSE POSITIVE
7294743,K02516.01,FALSE POSITIVE
6765135,K02592.01,CONFIRMED
5342061,K02666.01,FALSE POSITIVE
4047631,K02519.01,CONFIRMED
6516185,K02445.01,FALSE POSITIVE
7446631,K02598.01,CONFIRMED
5906426,K02377.01,CONFIRMED
12208631,K02449.01,CONFIRMED
2443393,K02603.01,CONFIRMED
9019191,K02604.01,FALSE POSITIVE
3002478,K02380.01,CONFIRMED
8631751,K02453.01,CONFIRMED
4172746,K02531.01,CONFIRMED
5095635,K02607.01,FALSE POSITIVE
12254688,K02384.01,FALSE POSITIVE
4172013,K02386.01,FALSE POSITIVE
1996180,K02534.02,CONFIRMED
2305866,K02610.01,CONFIRMED
9712350,K02613.01,CONFIRMED
9580167,K02548.01,FALSE POSITIVE
11752906,K00253.01,CONFIRMED
7984574,K02400.01,CONFIRMED
10336951,K02401.01,CONFIRMED
8240617,K02474.01,FALSE POSITIVE
11622985,K02550.01,CONFIRMED
11361283,K02551.01,CONFIRMED
6364215,K02404.01,FALSE POSITIVE
6467363,K02840.01,FALSE POSITIVE
6467363,K02840.02,FALSE POSITIVE
10073672,K02764.01,CONFIRMED
6842807,K02921.01,CONFIRMED
9815053,K02923.01,CONFIRMED
9697131,K02706.01,FALSE POSITIVE
10917043,K02770.01,CONFIRMED
6697605,K02851.01,CONFIRMED
6697605,K02851.02,FALSE POSITIVE
12602314,K02853.01,CONFIRMED
5787131,K02927.01,CONFIRMED
6346809,K02775.01,FALSE POSITIVE
4547603,K02855.01,FALSE POSITIVE
5716763,K00272.01,FALSE POSITIVE
12416987,K02933.01,FALSE POSITIVE
8259713,K02935.01,FALSE POSITIVE
11098013,K02712.01,FALSE POSITIVE
3425851,K00268.01,CONFIRMED
10397751,K02859.03,CONFIRMED
6679295,K02862.01,CONFIRMED
6026737,K02949.01,CONFIRMED
4935172,K02962.01,FALSE POSITIVE
8760040,K02963.02,CONFIRMED
8176564,K02720.01,CONFIRMED
10604521,K02797.01,FALSE POSITIVE
4385148,K02942.01,CONFIRMED
4367854,K02876.01,CONFIRMED
10597693,K02958.01,CONFIRMED
7466270,K02959.01,CONFIRMED
2985587,K02807.01,CONFIRMED
5642620,K02882.01,CONFIRMED
8873090,K02968.01,CONFIRMED
9958387,K02677.01,FALSE POSITIVE
11197853,K02813.01,FALSE POSITIVE
6716021,K02679.01,FALSE POSITIVE
8326342,K02680.01,FALSE POSITIVE
4831728,K02739.02,CONFIRMED
4249611,K02821.01,CONFIRMED
7899070,K02683.01,CONFIRMED
7202957,K02687.01,FALSE POSITIVE
4939533,K02899.01,FALSE POSITIVE
4846856,K02900.01,CONFIRMED
10265602,K02689.01,FALSE POSITIVE
4552729,K02691.01,CONFIRMED
3663173,K02750.01,CONFIRMED
9109857,K02833.01,FALSE POSITIVE
6716545,K02906.02,FALSE POSITIVE
5196864,K02695.01,FALSE POSITIVE
11071200,K02696.01,CONFIRMED
11071200,K02696.02,CONFIRMED
8703129,K02758.01,FALSE POSITIVE
6837283,K02914.01,CONFIRMED
5613821,K02915.01,CONFIRMED
8639908,K02700.01,CONFIRMED
11076400,K02759.01,CONFIRMED
10190075,K03007.01,CONFIRMED
10749059,K03086.01,CONFIRMED
7668416,K03089.01,FALSE POSITIVE
6029239,K00304.02,FALSE POSITIVE
3545478,K00366.01,FALSE POSITIVE
11565544,K03013.01,FALSE POSITIVE
12072872,K03017.01,FALSE POSITIVE
8241079,K03020.01,CONFIRMED
11618601,K03022.02,CONFIRMED
12168993,K03105.01,FALSE POSITIVE
8008067,K00316.03,CONFIRMED
7051180,K00064.01,FALSE POSITIVE
2446113,K00379.02,CONFIRMED
5903749,K03029.01,FALSE POSITIVE
5903749,K03029.02,FALSE POSITIVE
8581240,K03111.01,CONFIRMED
8581240,K03111.02,FALSE POSITIVE
8684730,K00319.01,FALSE POSITIVE
8554498,K00005.01,FALSE POSITIVE
6949898,K03031.01,CONFIRMED
2973386,K03034.01,CONFIRMED
7022573,K03112.01,CONFIRMED
9288237,K03114.01,CONFIRMED
6593150,K03037.01,CONFIRMED
6523351,K03117.01,CONFIRMED
5551672,K03119.01,CONFIRMED
8197793,K03123.01,CONFIRMED
6357290,K03040.01,CONFIRMED
4072955,K03041.01,FALSE POSITIVE
8695311,K03042.01,CONFIRMED
9834731,K03043.01,CONFIRMED
7609674,K03128.01,CONFIRMED
4252322,K00396.01,FALSE POSITIVE
5475042,K03050.01,FALSE POSITIVE
9541295,K03132.01,FALSE POSITIVE
4770174,K02971.01,FALSE POSITIVE
8949925,K02972.01,CONFIRMED
9959492,K03051.01,FALSE POSITIVE
8827575,K03052.01,CONFIRMED
8827575,K03052.02,CONFIRMED
6438099,K02976.01,CONFIRMED
3752110,K03142.01,CONFIRMED
1717722,K03145.01,CONFIRMED
1717722,K03145.02,FALSE POSITIVE
4857058,K03061.01,CONFIRMED
5040077,K03065.01,FALSE POSITIVE
7918652,K02984.01,CONFIRMED
9230021,K03429.04,FALSE POSITIVE
3230805,K03068.01,FALSE POSITIVE
4676964,K03069.01,CONFIRMED
4770617,K02243.03,FALSE POSITIVE
7609553,K02924.02,CONFIRMED
11395587,K00350.01,CONFIRMED
8509442,K02992.01,CONFIRMED
3219643,K03072.01,CONFIRMED
8546542,K03073.01,CONFIRMED
8613535,K02263.03,CONFIRMED
10122538,K02926.05,CONFIRMED
11566064,K00353.01,CONFIRMED
12256520,K02264.02,CONFIRMED
12785320,K00298.02,CONFIRMED
10000941,K04146.02,CONFIRMED
6677841,K01236.04,CONFIRMED
7106173,K03083.01,CONFIRMED
7106173,K03083.02,FALSE POSITIVE
7106173,K03083.03,FALSE POSITIVE
8162789,K00521.01,CONFIRMED
8265218,K00522.01,CONFIRMED
9214713,K00422.01,FALSE POSITIVE
9334893,K02298.03,FALSE POSITIVE
9119458,K00525.01,CONFIRMED
12406807,K03091.02,FALSE POSITIVE
4548011,K04288.04,CONFIRMED
10016874,K00426.01,CONFIRMED
10189546,K00427.01,CONFIRMED
10395543,K00531.01,CONFIRMED
7429287,K04260.04,FALSE POSITIVE
10717241,K00430.02,CONFIRMED
7303287,K01353.03,FALSE POSITIVE
8121310,K00317.02,FALSE POSITIVE
11709124,K00435.02,CONFIRMED
11805075,K00436.01,FALSE POSITIVE
11824222,K00437.01,FALSE POSITIVE
6268648,K01613.03,CONFIRMED
8212002,K02593.02,CONFIRMED
7017274,K03209.02,CONFIRMED
12366084,K00787.03,FALSE POSITIVE
9872283,K01815.02,FALSE POSITIVE
4951877,K00501.01,CONFIRMED
5544450,K03226.02,FALSE POSITIVE
10973664,K00601.02,CONFIRMED
8226050,K01910.02,FALSE POSITIVE
6779260,K02678.02,FALSE POSITIVE
5443837,K00554.01,FALSE POSITIVE
2832589,K01942.02,FALSE POSITIVE
10793172,K02871.04,CONFIRMED
10285631,K00331.02,FALSE POSITIVE
7504328,K00458.01,FALSE POSITIVE
7199397,K00075.01,CONFIRMED
10157458,K01083.02,FALSE POSITIVE
8261920,K02174.04,FALSE POSITIVE
6716545,K02906.03,CONFIRMED
1723078,K07624.01,FALSE POSITIVE
9008220,K00466.01,FALSE POSITIVE
9955262,K00076.01,CONFIRMED
7906892,K04773.02,FALSE POSITIVE
8320630,K04846.02,FALSE POSITIVE
9703198,K00469.01,CONFIRMED
6289650,K00415.01,CONFIRMED
11135694,K04896.02,FALSE POSITIVE
10460984,K00474.03,CONFIRMED
8216763,K04838.03,FALSE POSITIVE
6879865,K00417.01,FALSE POSITIVE
3758499,K05007.02,FALSE POSITIVE
9552608,K00080.01,FALSE POSITIVE
10221013,K00728.01,FALSE POSITIVE
2299738,K07628.01,FALSE POSITIVE
7619236,K00682.01,CONFIRMED
7630229,K00683.01,CONFIRMED
7730747,K00684.01,FALSE POSITIVE
7906882,K00686.01,FALSE POSITIVE
7976520,K00687.01,FALSE POSITIVE
2302997,K07630.01,FALSE POSITIVE
8505215,K00099.01,FALSE POSITIVE
10265898,K00732.02,CONFIRMED
10265898,K00732.03,CONFIRMED
12600735,K00548.02,CONFIRMED
10272442,K00734.02,CONFIRMED
4055765,K00100.01,FALSE POSITIVE
5131180,K00641.01,CONFIRMED
10843431,K07378.02,FALSE POSITIVE
10287242,K00735.01,FALSE POSITIVE
5596440,K00648.01,FALSE POSITIVE
9588822,K04388.02,FALSE POSITIVE
8456679,K00102.01,CONFIRMED
8456679,K00102.02,CONFIRMED
10610039,K04577.02,FALSE POSITIVE
1025986,K07621.01,FALSE POSITIVE
11284772,K04622.02,CONFIRMED
4832837,K00605.02,FALSE POSITIVE
5441980,K00607.01,FALSE POSITIVE
10972902,K04692.02,FALSE POSITIVE
6309763,K00611.01,FALSE POSITIVE
9413156,K04700.02,FALSE POSITIVE
9846348,K00716.01,FALSE POSITIVE
2696205,K07636.01,FALSE POSITIVE
12251650,K00621.01,FALSE POSITIVE
12417486,K00622.01,FALSE POSITIVE
2834805,K07638.01,CONFIRMED
2569995,K07634.01,FALSE POSITIVE
2577353,K07635.01,FALSE POSITIVE
4478168,K00626.02,CONFIRMED
7256914,K04136.01,CONFIRMED
7256914,K04136.02,CONFIRMED
6871071,K02220.04,CONFIRMED
3112129,K04144.01,FALSE POSITIVE
3103212,K04145.01,FALSE POSITIVE
6871071,K02220.05,CONFIRMED
10875007,K04149.01,CONFIRMED
10875007,K04149.02,CONFIRMED
4548098,K04157.01,FALSE POSITIVE
7021681,K00255.02,FALSE POSITIVE
11967788,K04021.01,CONFIRMED
7199060,K04152.01,FALSE POSITIVE
4458082,K02303.02,FALSE POSITIVE
11967788,K04021.02,FALSE POSITIVE
7733731,K04022.01,CONFIRMED
3110177,K07644.01,FALSE POSITIVE
5942808,K02250.02,FALSE POSITIVE
3232249,K07648.01,FALSE POSITIVE
7449554,K02357.02,CONFIRMED
8282651,K02193.02,CONFIRMED
5688683,K04097.02,FALSE POSITIVE
8222627,K04098.01,FALSE POSITIVE
2984990,K07641.01,FALSE POSITIVE
7758018,K04105.01,FALSE POSITIVE
9071593,K02257.02,CONFIRMED
8264402,K04037.01,FALSE POSITIVE
3129238,K07645.01,FALSE POSITIVE
7907808,K04109.01,FALSE POSITIVE
9700449,K04120.01,CONFIRMED
6140059,K04123.01,CONFIRMED
3852872,K07673.01,FALSE POSITIVE
9086154,K04060.01,CONFIRMED
11970988,K04129.01,CONFIRMED
6792908,K04341.01,FALSE POSITIVE
10534155,K04345.01,FALSE POSITIVE
10397751,K02859.04,CONFIRMED
6350882,K04410.01,CONFIRMED
3450040,K04205.01,FALSE POSITIVE
9456281,K04207.01,FALSE POSITIVE
5129453,K04208.01,FALSE POSITIVE
7918478,K04209.01,FALSE POSITIVE
9509343,K04346.01,CONFIRMED
7673841,K02585.03,CONFIRMED
11968463,K02433.04,CONFIRMED
5436161,K04351.01,FALSE POSITIVE
4571844,K04353.01,FALSE POSITIVE
2859893,K04418.01,FALSE POSITIVE
6026737,K02949.02,FALSE POSITIVE
7582691,K04419.01,FALSE POSITIVE
9836563,K04421.01,CONFIRMED
1724719,K04212.02,FALSE POSITIVE
11081504,K04287.01,CONFIRMED
12016267,K02590.02,FALSE POSITIVE
3550372,K04357.01,FALSE POSITIVE
8240790,K04426.01,FALSE POSITIVE
4548011,K04288.02,CONFIRMED
7191646,K04358.01,CONFIRMED
7801070,K04361.01,CONFIRMED
4172805,K04427.01,CONFIRMED
5126182,K04428.01,FALSE POSITIVE
8949925,K02972.02,CONFIRMED
9642018,K04430.01,FALSE POSITIVE
7661893,K04296.01,CONFIRMED
9776794,K04363.01,FALSE POSITIVE
7673192,K02722.05,FALSE POSITIVE
11124436,K04442.01,CONFIRMED
5780855,K04443.01,CONFIRMED
9491832,K04226.01,CONFIRMED
2852941,K04298.01,FALSE POSITIVE
10647452,K04366.01,FALSE POSITIVE
4773392,K04367.01,CONFIRMED
9936080,K04431.01,CONFIRMED
6290935,K04302.01,CONFIRMED
12734396,K04303.01,CONFIRMED
8278685,K04435.01,CONFIRMED
6103377,K03004.02,CONFIRMED
3660581,K07662.01,FALSE POSITIVE
10794974,K04235.01,CONFIRMED
3558849,K04307.01,CONFIRMED
5175024,K02563.02,FALSE POSITIVE
10991114,K04374.01,CONFIRMED
4945764,K04377.01,CONFIRMED
9834731,K03043.02,FALSE POSITIVE
9514372,K04242.01,CONFIRMED
3762750,K07668.01,FALSE POSITIVE
9886361,K02732.04,CONFIRMED
12737015,K04245.01,CONFIRMED
8482059,K04247.01,FALSE POSITIVE
9286088,K04318.01,CONFIRMED
6937529,K04382.02,FALSE POSITIVE
5197233,K04178.01,FALSE POSITIVE
7119481,K00566.03,FALSE POSITIVE
8741470,K04251.01,FALSE POSITIVE
9896018,K02579.02,CONFIRMED
2997459,K04389.01,CONFIRMED
8330207,K04390.01,FALSE POSITIVE
5881813,K02744.02,CONFIRMED
9202434,K04253.01,FALSE POSITIVE
7901016,K04257.01,CONFIRMED
5385410,K04323.01,CONFIRMED
7749002,K04325.01,FALSE POSITIVE
3848083,K07670.01,FALSE POSITIVE
6359926,K04391.01,FALSE POSITIVE
8324518,K04393.01,FALSE POSITIVE
3103473,K04395.01,FALSE POSITIVE
5785279,K04259.01,CONFIRMED
9896018,K02579.03,CONFIRMED
12456063,K04329.01,CONFIRMED
5096053,K04331.01,FALSE POSITIVE
5802637,K04398.01,CONFIRMED
5531694,K00647.02,FALSE POSITIVE
7107802,K02420.02,FALSE POSITIVE
12509829,K04264.01,CONFIRMED
2576962,K04333.01,FALSE POSITIVE
10140274,K04334.01,CONFIRMED
8345384,K04399.01,CONFIRMED
9072639,K04198.01,FALSE POSITIVE
8890924,K04269.01,CONFIRMED
8890924,K04269.02,FALSE POSITIVE
4054784,K07679.01,FALSE POSITIVE
10745365,K04405.01,FALSE POSITIVE
8396660,K04407.01,FALSE POSITIVE
9716028,K04273.01,CONFIRMED
6223324,K04274.01,FALSE POSITIVE
9773980,K04691.01,CONFIRMED
10467714,K04480.01,CONFIRMED
4141593,K07685.01,CONFIRMED
7778427,K04482.01,FALSE POSITIVE
6523058,K04549.01,FALSE POSITIVE
11769689,K04551.01,CONFIRMED
9457948,K04694.01,CONFIRMED
4072271,K07680.01,FALSE POSITIVE
8098212,K04487.01,FALSE POSITIVE
6369131,K04554.01,CONFIRMED
7820699,K04555.01,FALSE POSITIVE
10257229,K04557.01,CONFIRMED
3539231,K04626.01,CONFIRMED
6311891,K04627.01,FALSE POSITIVE
7834045,K04630.01,CONFIRMED
10663738,K04698.01,FALSE POSITIVE
7891294,K04699.01,FALSE POSITIVE
9413156,K04700.01,CONFIRMED
5431027,K04558.01,CONFIRMED
6070337,K04632.01,FALSE POSITIVE
5954001,K04633.01,CONFIRMED
8196226,K04634.01,FALSE POSITIVE
9002538,K03196.01,CONFIRMED
5642688,K04705.01,FALSE POSITIVE
5552562,K04495.01,FALSE POSITIVE
6186182,K04496.01,FALSE POSITIVE
4073017,K07681.01,FALSE POSITIVE
10585749,K04563.01,FALSE POSITIVE
9579208,K03165.01,CONFIRMED
9773270,K04636.01,FALSE POSITIVE
9457728,K04637.01,CONFIRMED
2303903,K04709.01,CONFIRMED
9278216,K04710.01,FALSE POSITIVE
8355131,K04711.01,FALSE POSITIVE
12645057,K04497.01,CONFIRMED
4844367,K04498.01,FALSE POSITIVE
10937749,K04499.01,FALSE POSITIVE
8332521,K04567.01,FALSE POSITIVE
4060229,K04570.01,CONFIRMED
8443527,K03197.01,FALSE POSITIVE
9100953,K04500.02,CONFIRMED
10907132,K04503.01,CONFIRMED
6520753,K04504.01,FALSE POSITIVE
9893468,K04575.01,FALSE POSITIVE
11655826,K04643.01,CONFIRMED
1721157,K04644.01,FALSE POSITIVE
9947653,K04647.01,FALSE POSITIVE
9002538,K03196.02,CONFIRMED
5253802,K04713.01,CONFIRMED
12554634,K04714.01,FALSE POSITIVE
6264750,K04715.01,FALSE POSITIVE
11290515,K04716.01,CONFIRMED
6520753,K04504.02,FALSE POSITIVE
8493354,K04505.01,CONFIRMED
5457326,K04508.01,CONFIRMED
10610039,K04577.01,FALSE POSITIVE
8628761,K04580.01,FALSE POSITIVE
4750669,K04649.01,CONFIRMED
6717252,K04651.01,FALSE POSITIVE
4902202,K04717.01,FALSE POSITIVE
11350118,K04509.01,CONFIRMED
2572029,K04581.01,FALSE POSITIVE
7905106,K04582.01,FALSE POSITIVE
9007151,K04583.01,FALSE POSITIVE
4450844,K03168.01,CONFIRMED
11181260,K04653.01,CONFIRMED
2558163,K04655.01,FALSE POSITIVE
8107611,K04656.01,FALSE POSITIVE
8752940,K04730.01,FALSE POSITIVE
4384909,K07693.01,FALSE POSITIVE
11506654,K04586.01,CONFIRMED
5687700,K04587.01,FALSE POSITIVE
8806985,K04588.01,CONFIRMED
6527078,K04657.01,CONFIRMED
10120548,K04451.01,CONFIRMED
4474462,K04452.01,CONFIRMED
4141593,K07685.02,FALSE POSITIVE
10003058,K04519.01,CONFIRMED
9031703,K04520.01,CONFIRMED
12204137,K04590.01,CONFIRMED
5389956,K04591.01,FALSE POSITIVE
10662202,K00750.02,CONFIRMED
3934657,K07676.01,FALSE POSITIVE
7515336,K04663.01,FALSE POSITIVE
3557560,K04456.01,FALSE POSITIVE
12109267,K04457.01,FALSE POSITIVE
8700895,K04523.01,CONFIRMED
5003670,K04524.02,CONFIRMED
12265786,K04595.01,FALSE POSITIVE
10873178,K04597.01,FALSE POSITIVE
11337012,K04666.01,FALSE POSITIVE
8359569,K04667.01,FALSE POSITIVE
9837828,K04670.01,FALSE POSITIVE
4857058,K03061.02,FALSE POSITIVE
9947389,K04460.01,FALSE POSITIVE
3765917,K04526.01,CONFIRMED
7833305,K04528.01,FALSE POSITIVE
12647577,K04530.01,CONFIRMED
4252671,K07687.01,CONFIRMED
11153476,K04601.01,FALSE POSITIVE
6144039,K04602.01,CONFIRMED
5985713,K03190.01,FALSE POSITIVE
6839010,K04674.01,FALSE POSITIVE
9775385,K04462.01,FALSE POSITIVE
6197344,K04463.01,FALSE POSITIVE
11357664,K04464.01,CONFIRMED
7272132,K04466.01,CONFIRMED
8430053,K04603.01,FALSE POSITIVE
12458605,K04605.01,CONFIRMED
4953173,K04676.01,FALSE POSITIVE
5352640,K04467.01,CONFIRMED
4048898,K07678.01,FALSE POSITIVE
4587135,K04680.01,FALSE POSITIVE
5511659,K04541.01,CONFIRMED
7583650,K04614.01,FALSE POSITIVE
3867794,K04685.01,FALSE POSITIVE
5819801,K04686.01,CONFIRMED
6276791,K04477.01,FALSE POSITIVE
10140122,K04545.01,FALSE POSITIVE
5033823,K04546.01,FALSE POSITIVE
3223433,K04548.01,FALSE POSITIVE
8803757,K04904.01,CONFIRMED
9479306,K04906.01,FALSE POSITIVE
5437762,K04907.01,FALSE POSITIVE
4996057,K07712.01,FALSE POSITIVE
8349399,K04763.01,CONFIRMED
6043562,K04764.01,FALSE POSITIVE
4919550,K04766.01,CONFIRMED
5645170,K04837.01,FALSE POSITIVE
8216763,K04838.01,FALSE POSITIVE
9110610,K04839.01,FALSE POSITIVE
5208962,K04912.01,FALSE POSITIVE
4742188,K07703.01,FALSE POSITIVE
8301878,K03301.01,FALSE POSITIVE
10221505,K04768.01,CONFIRMED
11658036,K04771.01,FALSE POSITIVE
8397947,K04772.01,CONFIRMED
6665860,K04840.01,CONFIRMED
7983117,K03214.01,CONFIRMED
5769810,K04913.01,FALSE POSITIVE
12071754,K04914.01,CONFIRMED
10384298,K03224.01,FALSE POSITIVE
3109550,K03225.01,FALSE POSITIVE
6131130,K03307.01,CONFIRMED
4742452,K07704.01,FALSE POSITIVE
7906892,K04773.01,FALSE POSITIVE
4277304,K04774.01,CONFIRMED
8626325,K04775.01,CONFIRMED
3098605,K04844.01,FALSE POSITIVE
8320630,K04846.01,FALSE POSITIVE
9005321,K04848.01,FALSE POSITIVE
5563300,K03309.01,CONFIRMED
12253769,K03310.01,CONFIRMED
8054719,K04776.01,FALSE POSITIVE
4762283,K07706.01,FALSE POSITIVE
3849187,K04780.01,FALSE POSITIVE
2976017,K04849.01,FALSE POSITIVE
6786224,K04850.01,FALSE POSITIVE
11072016,K04852.01,FALSE POSITIVE
3245969,K01101.02,CONFIRMED
7902003,K03236.01,FALSE POSITIVE
11905409,K03312.01,CONFIRMED
9571186,K03313.01,FALSE POSITIVE
5612697,K03206.01,CONFIRMED
8973285,K04782.01,FALSE POSITIVE
3758922,K04853.01,FALSE POSITIVE
8360041,K04854.01,CONFIRMED
9782748,K04856.01,CONFIRMED
2860656,K04857.01,FALSE POSITIVE
7094944,K04859.01,FALSE POSITIVE
6425597,K04861.01,FALSE POSITIVE
10917433,K03248.01,CONFIRMED
5091479,K07715.01,FALSE POSITIVE
8874090,K01404.02,CONFIRMED
8331612,K03318.02,FALSE POSITIVE
8328916,K04790.01,FALSE POSITIVE
10155029,K03208.01,CONFIRMED
11618569,K04792.01,CONFIRMED
11973517,K04862.01,FALSE POSITIVE
7345248,K04864.01,CONFIRMED
6690171,K03320.01,FALSE POSITIVE
5193659,K03323.01,CONFIRMED
6220312,K04793.01,FALSE POSITIVE
6358937,K04794.01,CONFIRMED
7771181,K04797.01,FALSE POSITIVE
4366323,K03258.01,FALSE POSITIVE
2853029,K03259.01,FALSE POSITIVE
6955671,K03329.01,CONFIRMED
5097856,K07716.01,FALSE POSITIVE
8278073,K04799.01,FALSE POSITIVE
10810859,K04801.01,FALSE POSITIVE
7017274,K03209.01,CONFIRMED
6767227,K04871.01,FALSE POSITIVE
2986833,K04875.01,FALSE POSITIVE
11853130,K03263.01,FALSE POSITIVE
9345933,K03264.01,CONFIRMED
11338056,K04735.01,CONFIRMED
10676750,K04804.01,FALSE POSITIVE
9581589,K04877.01,FALSE POSITIVE
11804437,K04878.01,FALSE POSITIVE
8280511,K01151.04,CONFIRMED
4813793,K07708.01,FALSE POSITIVE
7266212,K04737.01,FALSE POSITIVE
9419020,K04808.01,CONFIRMED
4270799,K04810.01,FALSE POSITIVE
8811490,K04811.01,CONFIRMED
8094120,K04881.01,FALSE POSITIVE
9935642,K04885.01,CONFIRMED
7285757,K03271.01,CONFIRMED
7285757,K03271.02,CONFIRMED
4262040,K03202.01,CONFIRMED
4840672,K04813.01,FALSE POSITIVE
7287677,K04815.01,FALSE POSITIVE
7692248,K04886.01,FALSE POSITIVE
6691169,K04890.01,FALSE POSITIVE
8280511,K01151.05,CONFIRMED
6520519,K04749.01,FALSE POSITIVE
9459162,K04818.01,FALSE POSITIVE
9969287,K04820.01,FALSE POSITIVE
10747501,K04891.01,FALSE POSITIVE
10586744,K04892.01,CONFIRMED
11970050,K04893.01,FALSE POSITIVE
5308296,K04750.01,FALSE POSITIVE
3122872,K03203.01,CONFIRMED
9702945,K04822.01,FALSE POSITIVE
11401253,K04823.01,FALSE POSITIVE
10549902,K04826.01,FALSE POSITIVE
12416597,K04895.01,CONFIRMED
11135694,K04896.01,FALSE POSITIVE
10065053,K04898.01,FALSE POSITIVE
10291589,K04754.01,FALSE POSITIVE
10118266,K04755.01,CONFIRMED
5695615,K04756.01,FALSE POSITIVE
5651846,K04827.01,CONFIRMED
12401132,K04829.01,CONFIRMED
6424561,K04900.01,FALSE POSITIVE
10000162,K04902.01,FALSE POSITIVE
7949593,K04759.01,FALSE POSITIVE
7098255,K04762.01,CONFIRMED
4670361,K07700.01,FALSE POSITIVE
10584140,K04833.01,CONFIRMED
8233326,K04834.01,FALSE POSITIVE
4940203,K07711.01,FALSE POSITIVE
6268648,K01613.02,FALSE POSITIVE
10935993,K03367.01,FALSE POSITIVE
5257082,K03368.01,CONFIRMED
8628665,K03434.01,CONFIRMED
5881307,K07746.01,FALSE POSITIVE
4645174,K03437.02,CONFIRMED
6124137,K07764.01,FALSE POSITIVE
11657614,K03370.01,FALSE POSITIVE
5687986,K07735.01,FALSE POSITIVE
11125797,K03371.01,CONFIRMED
9785921,K03372.01,CONFIRMED
3559860,K03440.01,CONFIRMED
6543893,K01627.03,FALSE POSITIVE
6705026,K03374.02,CONFIRMED
5553959,K03377.01,CONFIRMED
5384713,K03444.01,CONFIRMED
5384713,K03444.02,FALSE POSITIVE
5384713,K03444.03,FALSE POSITIVE
6451368,K07780.01,FALSE POSITIVE
8644365,K03384.01,FALSE POSITIVE
5888187,K07749.01,FALSE POSITIVE
3348216,K03448.01,CONFIRMED
10793576,K03451.01,CONFIRMED
7047922,K01899.02,FALSE POSITIVE
5894182,K07750.01,FALSE POSITIVE
6947668,K03455.01,CONFIRMED
10290666,K00332.02,CONFIRMED
3848966,K03389.01,FALSE POSITIVE
9452897,K03391.01,CONFIRMED
6209677,K01750.02,CONFIRMED
9664276,K03460.01,CONFIRMED
7748487,K03394.01,CONFIRMED
3219037,K03395.01,CONFIRMED
5710069,K03396.01,CONFIRMED
9967009,K03462.01,CONFIRMED
9967009,K03462.02,FALSE POSITIVE
6200810,K03397.01,CONFIRMED
3561464,K03398.02,CONFIRMED
3561464,K03398.03,FALSE POSITIVE
4844470,K03469.01,CONFIRMED
9995771,K03470.01,CONFIRMED
9966219,K03401.01,CONFIRMED
5531953,K01681.02,FALSE POSITIVE
6231721,K07773.01,FALSE POSITIVE
9536108,K03472.01,FALSE POSITIVE
8905246,K03473.01,CONFIRMED
5460434,K07729.01,FALSE POSITIVE
7869917,K01525.02,FALSE POSITIVE
11922778,K03408.01,CONFIRMED
2975770,K01788.02,FALSE POSITIVE
7692093,K03337.01,CONFIRMED
7772914,K03339.01,CONFIRMED
3529290,K03340.01,FALSE POSITIVE
3529290,K03340.02,CONFIRMED
6025124,K03411.01,FALSE POSITIVE
5531953,K01681.03,FALSE POSITIVE
6277410,K07774.01,FALSE POSITIVE
9843517,K03480.01,FALSE POSITIVE
8812045,K03481.01,FALSE POSITIVE
3101923,K03483.01,CONFIRMED
5621333,K03341.01,CONFIRMED
5621333,K03341.02,CONFIRMED
3236705,K03343.01,FALSE POSITIVE
11810124,K03344.01,CONFIRMED
2849140,K03416.01,FALSE POSITIVE
8121328,K03486.01,FALSE POSITIVE
6043538,K07759.01,CONFIRMED
7289338,K03420.02,CONFIRMED
5004909,K03421.01,CONFIRMED
6278670,K07775.01,FALSE POSITIVE
5898983,K03422.01,FALSE POSITIVE
5617259,K07733.01,FALSE POSITIVE
9474756,K03495.01,FALSE POSITIVE
5308663,K01562.02,FALSE POSITIVE
6356400,K07776.01,FALSE POSITIVE
9117416,K03425.02,FALSE POSITIVE
5900235,K03426.01,FALSE POSITIVE
9474756,K03495.02,FALSE POSITIVE
7517261,K03496.02,FALSE POSITIVE
5877292,K07744.01,FALSE POSITIVE
9845909,K03354.01,FALSE POSITIVE
9221528,K03355.01,CONFIRMED
6106046,K07762.01,FALSE POSITIVE
9230021,K03429.01,FALSE POSITIVE
6058816,K03500.02,FALSE POSITIVE
4263529,K03358.01,FALSE POSITIVE
7697103,K03430.01,FALSE POSITIVE
9267996,K03431.01,CONFIRMED
7093401,K03433.01,FALSE POSITIVE
4820550,K03823.01,CONFIRMED
11547869,K03749.01,FALSE POSITIVE
6525946,K02093.02,FALSE POSITIVE
9973109,K02018.02,FALSE POSITIVE
5966810,K03909.01,CONFIRMED
6863158,K07793.01,FALSE POSITIVE
8308347,K03761.01,FALSE POSITIVE
10281221,K03913.01,FALSE POSITIVE
6525946,K02093.03,FALSE POSITIVE
7017372,K03689.01,CONFIRMED
3128552,K02055.04,FALSE POSITIVE
6887030,K07795.01,FALSE POSITIVE
8323764,K03767.01,FALSE POSITIVE
5008245,K03770.01,CONFIRMED
4075067,K03777.01,FALSE POSITIVE
12301181,K02059.02,FALSE POSITIVE
6891124,K07796.01,FALSE POSITIVE
9489524,K02029.04,CONFIRMED
7813039,K03787.01,FALSE POSITIVE
6531617,K07785.01,FALSE POSITIVE
12061969,K02061.02,FALSE POSITIVE
4164922,K03864.02,CONFIRMED
8827930,K03801.01,CONFIRMED
6790592,K07791.01,FALSE POSITIVE
6508221,K00416.03,CONFIRMED
6952971,K07798.01,FALSE POSITIVE
4147444,K03880.01,FALSE POSITIVE
5769943,K03810.01,FALSE POSITIVE
4638237,K03811.01,CONFIRMED
12154526,K02004.03,FALSE POSITIVE
6507433,K03815.01,FALSE POSITIVE
8765560,K03891.01,FALSE POSITIVE
8780959,K03741.02,FALSE POSITIVE
5008501,K01666.01,FALSE POSITIVE
5184709,K01670.01,FALSE POSITIVE
7778664,K07849.01,FALSE POSITIVE
5211199,K02158.02,FALSE POSITIVE
7834712,K07850.01,FALSE POSITIVE
9574614,K01745.01,FALSE POSITIVE
8189801,K02480.01,CONFIRMED
10028352,K01957.01,FALSE POSITIVE
9205938,K02162.02,CONFIRMED
10917681,K01963.01,CONFIRMED
7134626,K07818.01,FALSE POSITIVE
11246161,K02796.01,FALSE POSITIVE
10352333,K03991.01,CONFIRMED
12253474,K01947.01,CONFIRMED
3764879,K02141.01,FALSE POSITIVE
9602613,K02612.01,CONFIRMED
7601665,K07842.01,FALSE POSITIVE
9149789,K02874.01,FALSE POSITIVE
7051984,K02879.01,FALSE POSITIVE
7613620,K07843.01,FALSE POSITIVE
3345675,K01772.01,FALSE POSITIVE
4947556,K03936.01,CONFIRMED
7287028,K07832.01,FALSE POSITIVE
8376848,K04007.01,FALSE POSITIVE
4173026,K02172.02,FALSE POSITIVE
7300182,K07833.01,FALSE POSITIVE
9904006,K02135.02,CONFIRMED
7366501,K07834.01,FALSE POSITIVE
9425139,K01411.01,CONFIRMED
7367164,K07835.01,FALSE POSITIVE
7671950,K07846.01,FALSE POSITIVE
12061969,K02061.01,CONFIRMED
9084778,K01631.01,FALSE POSITIVE
7747103,K07847.01,FALSE POSITIVE
10674871,K02068.01,FALSE POSITIVE
11518201,K03104.01,FALSE POSITIVE
9758032,K03137.01,FALSE POSITIVE
6974658,K02925.01,FALSE POSITIVE
9634821,K02037.02,CONFIRMED
9602613,K02612.02,FALSE POSITIVE
9758089,K01871.02,CONFIRMED
10904004,K02957.01,CONFIRMED
9605552,K03102.01,FALSE POSITIVE
2715695,K03077.02,FALSE POSITIVE
5283728,K05149.01,FALSE POSITIVE
5374838,K05155.01,CONFIRMED
6366559,K05274.01,FALSE POSITIVE
6367663,K05275.01,FALSE POSITIVE
6368905,K05276.01,CONFIRMED
6372194,K05278.01,CONFIRMED
6387557,K05279.01,FALSE POSITIVE
5294945,K03463.01,FALSE POSITIVE
3968809,K05030.01,FALSE POSITIVE
3974928,K05033.01,FALSE POSITIVE
4071638,K05037.01,FALSE POSITIVE
5390913,K05156.01,FALSE POSITIVE
5394585,K05158.01,FALSE POSITIVE
5428199,K05162.01,FALSE POSITIVE
6425377,K05281.01,FALSE POSITIVE
6442735,K05283.01,FALSE POSITIVE
6443093,K05284.01,FALSE POSITIVE
6509282,K05287.01,FALSE POSITIVE
6697817,K03508.01,FALSE POSITIVE
4135912,K05040.01,FALSE POSITIVE
4150972,K05044.01,FALSE POSITIVE
5436455,K05164.01,FALSE POSITIVE
5439000,K05165.01,FALSE POSITIVE
5443320,K05169.01,FALSE POSITIVE
6511182,K05288.01,FALSE POSITIVE
6517064,K05289.01,FALSE POSITIVE
6517200,K05290.01,FALSE POSITIVE
6517255,K05291.01,FALSE POSITIVE
1164301,K04921.01,FALSE POSITIVE
1429589,K04923.01,FALSE POSITIVE
1865864,K04926.01,FALSE POSITIVE
4164511,K05046.01,FALSE POSITIVE
4241238,K05048.01,FALSE POSITIVE
5524229,K05174.01,FALSE POSITIVE
5529385,K05176.01,FALSE POSITIVE
6543192,K05297.01,FALSE POSITIVE
6594945,K05300.01,FALSE POSITIVE
2019199,K04931.01,FALSE POSITIVE
4346339,K05057.01,FALSE POSITIVE
6634112,K05308.01,FALSE POSITIVE
6675757,K05310.01,FALSE POSITIVE
2310993,K04938.01,FALSE POSITIVE
2437653,K04940.01,FALSE POSITIVE
2555080,K04943.01,FALSE POSITIVE
4471313,K05066.01,FALSE POSITIVE
4478142,K05067.01,FALSE POSITIVE
4484179,K05068.01,FALSE POSITIVE
5650930,K05188.01,FALSE POSITIVE
5697395,K05192.01,FALSE POSITIVE
6805414,K05329.01,FALSE POSITIVE
6869373,K05331.01,FALSE POSITIVE
6875342,K05332.01,FALSE POSITIVE
6879183,K05333.01,CONFIRMED
4566848,K05071.01,FALSE POSITIVE
5734702,K05196.01,FALSE POSITIVE
2861298,K04958.01,FALSE POSITIVE
4737848,K05079.01,FALSE POSITIVE
4750962,K05083.01,FALSE POSITIVE
5793275,K05202.01,FALSE POSITIVE
5857656,K05205.01,CONFIRMED
5859725,K05207.01,FALSE POSITIVE
6719052,K05320.01,FALSE POSITIVE
6721603,K05321.01,FALSE POSITIVE
6756369,K05322.01,FALSE POSITIVE
6765563,K05324.01,FALSE POSITIVE
6776555,K05327.01,CONFIRMED
3001955,K04961.01,FALSE POSITIVE
3101178,K04963.01,CONFIRMED
3239171,K04967.01,FALSE POSITIVE
4761427,K05085.01,FALSE POSITIVE
4770798,K05087.01,FALSE POSITIVE
4813750,K05088.01,FALSE POSITIVE
4833409,K05092.01,FALSE POSITIVE
5946568,K05211.01,FALSE POSITIVE
5954894,K05213.01,FALSE POSITIVE
5965629,K05216.01,FALSE POSITIVE
6934045,K05336.01,CONFIRMED
6939913,K05337.01,FALSE POSITIVE
7009548,K05341.01,CONFIRMED
3340165,K04972.01,CONFIRMED
3355104,K04975.01,FALSE POSITIVE
4912650,K05098.01,CONFIRMED
4914221,K05099.01,FALSE POSITIVE
5981058,K05219.01,FALSE POSITIVE
6021840,K05222.01,FALSE POSITIVE
6023571,K05223.01,FALSE POSITIVE
6025174,K05224.01,CONFIRMED
3356156,K04976.01,FALSE POSITIVE
3425363,K04977.01,FALSE POSITIVE
3428127,K04978.01,FALSE POSITIVE
3441795,K04981.01,FALSE POSITIVE
4915582,K05101.01,FALSE POSITIVE
4918303,K05104.01,FALSE POSITIVE
4940376,K05107.01,FALSE POSITIVE
6034379,K05226.01,FALSE POSITIVE
6034834,K05227.01,FALSE POSITIVE
6036286,K05228.01,FALSE POSITIVE
6038152,K05229.01,FALSE POSITIVE
6043490,K05230.01,FALSE POSITIVE
6045404,K05231.01,FALSE POSITIVE
3540873,K04986.01,FALSE POSITIVE
3548645,K04991.01,FALSE POSITIVE
4953262,K05110.01,FALSE POSITIVE
6067545,K05236.01,FALSE POSITIVE
6115356,K05237.01,FALSE POSITIVE
3553900,K04992.01,FALSE POSITIVE
5027859,K05117.01,FALSE POSITIVE
5036052,K05119.01,FALSE POSITIVE
6197658,K05247.01,FALSE POSITIVE
6198670,K05248.01,FALSE POSITIVE
3646449,K04999.01,FALSE POSITIVE
3647097,K05001.01,FALSE POSITIVE
3748239,K05003.01,FALSE POSITIVE
3751118,K05004.01,FALSE POSITIVE
5094412,K05124.01,FALSE POSITIVE
5110453,K05126.01,FALSE POSITIVE
5166811,K05130.01,FALSE POSITIVE
6203955,K05249.01,FALSE POSITIVE
6266866,K05254.01,FALSE POSITIVE
3229150,K02150.02,FALSE POSITIVE
11360805,K02422.02,CONFIRMED
3758499,K05007.01,CONFIRMED
3834728,K05009.01,FALSE POSITIVE
5181299,K05134.01,FALSE POSITIVE
5184144,K05135.01,FALSE POSITIVE
6309307,K05262.01,FALSE POSITIVE
3863877,K05021.01,FALSE POSITIVE
5255259,K05142.01,CONFIRMED
6350031,K05267.01,FALSE POSITIVE
6359881,K05268.01,FALSE POSITIVE
6359929,K05269.01,FALSE POSITIVE
3955444,K05027.01,FALSE POSITIVE
9274092,K05649.01,FALSE POSITIVE
9282853,K05651.01,FALSE POSITIVE
9292100,K05652.01,CONFIRMED
9300066,K05653.01,FALSE POSITIVE
10186761,K05772.01,FALSE POSITIVE
10191449,K05775.01,FALSE POSITIVE
10199984,K05776.01,FALSE POSITIVE
7625138,K05406.01,FALSE POSITIVE
8507586,K05528.01,FALSE POSITIVE
8525101,K05532.01,FALSE POSITIVE
9304976,K05654.01,FALSE POSITIVE
9334027,K05657.01,FALSE POSITIVE
9363944,K05660.01,FALSE POSITIVE
10272858,K05782.01,FALSE POSITIVE
10339000,K05787.01,FALSE POSITIVE
7625143,K05407.01,FALSE POSITIVE
7631138,K05408.01,FALSE POSITIVE
7662502,K05410.01,FALSE POSITIVE
7672215,K05411.01,FALSE POSITIVE
7690782,K05413.01,FALSE POSITIVE
8547213,K05536.01,FALSE POSITIVE
8547537,K05539.01,FALSE POSITIVE
8548454,K05541.01,FALSE POSITIVE
9391817,K05663.01,CONFIRMED
9394953,K05665.01,FALSE POSITIVE
9397862,K05666.01,FALSE POSITIVE
10387792,K05789.01,FALSE POSITIVE
10394802,K05790.01,CONFIRMED
10453009,K05794.01,FALSE POSITIVE
7747091,K05418.01,FALSE POSITIVE
8570210,K05545.01,FALSE POSITIVE
8571421,K05546.01,FALSE POSITIVE
8574794,K05547.01,FALSE POSITIVE
8613769,K05550.01,FALSE POSITIVE
9417931,K05671.01,FALSE POSITIVE
9456887,K05677.01,FALSE POSITIVE
10470779,K05796.01,FALSE POSITIVE
10487228,K05798.01,FALSE POSITIVE
10519727,K05799.01,FALSE POSITIVE
10525077,K05800.01,FALSE POSITIVE
10535708,K05801.01,FALSE POSITIVE
7762153,K05423.01,FALSE POSITIVE
7770901,K05426.01,FALSE POSITIVE
8644545,K05552.01,CONFIRMED
8644911,K05553.01,CONFIRMED
8652997,K05554.01,FALSE POSITIVE
8656535,K05556.01,CONFIRMED
9466486,K05680.01,FALSE POSITIVE
9472328,K05681.01,FALSE POSITIVE
9472341,K05682.01,FALSE POSITIVE
9475697,K05684.01,FALSE POSITIVE
9481235,K05685.01,FALSE POSITIVE
10552151,K05805.01,FALSE POSITIVE
10552263,K05806.01,FALSE POSITIVE
10581308,K05810.01,FALSE POSITIVE
7829836,K05433.01,FALSE POSITIVE
7830953,K05434.01,FALSE POSITIVE
7836096,K05435.01,CONFIRMED
8715589,K05563.01,FALSE POSITIVE
8741367,K05566.01,FALSE POSITIVE
9532603,K05688.01,FALSE POSITIVE
9534832,K05689.01,FALSE POSITIVE
9536727,K05690.01,FALSE POSITIVE
9575728,K05692.01,CONFIRMED
10802364,K05829.01,FALSE POSITIVE
10809888,K05830.01,FALSE POSITIVE
10813078,K05831.01,CONFIRMED
10850327,K05833.01,FALSE POSITIVE
10855545,K05834.01,FALSE POSITIVE
10858504,K05835.01,FALSE POSITIVE
7888863,K05440.01,FALSE POSITIVE
7917068,K05446.01,FALSE POSITIVE
8747910,K05570.01,FALSE POSITIVE
8807988,K05572.01,FALSE POSITIVE
8814872,K05574.01,FALSE POSITIVE
9579606,K05694.01,FALSE POSITIVE
9596820,K05698.01,FALSE POSITIVE
10601163,K05812.01,FALSE POSITIVE
10618044,K05815.01,FALSE POSITIVE
10656842,K05816.01,FALSE POSITIVE
10658177,K05817.01,CONFIRMED
10663976,K05819.01,FALSE POSITIVE
7950158,K05451.01,FALSE POSITIVE
8841297,K05577.01,FALSE POSITIVE
8868481,K05578.01,FALSE POSITIVE
8888745,K05579.01,FALSE POSITIVE
8890417,K05580.01,FALSE POSITIVE
9659022,K05702.01,FALSE POSITIVE
9674789,K05704.01,FALSE POSITIVE
9723746,K05707.01,FALSE POSITIVE
10685764,K05822.01,FALSE POSITIVE
10737437,K05825.01,FALSE POSITIVE
10747162,K05826.01,FALSE POSITIVE
7979297,K05455.01,FALSE POSITIVE
8005002,K05457.01,FALSE POSITIVE
8007174,K05458.01,CONFIRMED
8009811,K05459.01,FALSE POSITIVE
8016650,K05461.01,FALSE POSITIVE
8915379,K05583.01,FALSE POSITIVE
8937555,K05585.01,FALSE POSITIVE
8946267,K05588.01,FALSE POSITIVE
9776907,K05712.01,FALSE POSITIVE
9832379,K05715.01,FALSE POSITIVE
10879899,K05839.01,FALSE POSITIVE
10933306,K05842.01,FALSE POSITIVE
8040457,K05468.01,FALSE POSITIVE
8044083,K05470.01,FALSE POSITIVE
8959240,K05591.01,FALSE POSITIVE
8971044,K05592.01,FALSE POSITIVE
9011877,K05597.01,CONFIRMED
9838582,K05718.01,FALSE POSITIVE
9839030,K05719.01,FALSE POSITIVE
7018210,K05344.01,FALSE POSITIVE
8076215,K05472.01,FALSE POSITIVE
8094942,K05473.01,FALSE POSITIVE
8099517,K05474.01,FALSE POSITIVE
8105719,K05476.01,CONFIRMED
9012244,K05598.01,FALSE POSITIVE
9018021,K05600.01,FALSE POSITIVE
9026007,K05602.01,FALSE POSITIVE
9026248,K05603.01,FALSE POSITIVE
9044060,K05604.01,FALSE POSITIVE
9047416,K05605.01,FALSE POSITIVE
9851638,K05725.01,FALSE POSITIVE
9881660,K05727.01,FALSE POSITIVE
9910043,K05732.01,FALSE POSITIVE
7125794,K05358.01,FALSE POSITIVE
7130612,K05359.01,FALSE POSITIVE
8125917,K05479.01,CONFIRMED
8129333,K05480.01,FALSE POSITIVE
8158429,K05482.01,FALSE POSITIVE
8197176,K05485.01,FALSE POSITIVE
8197406,K05486.01,FALSE POSITIVE
9073549,K05608.01,FALSE POSITIVE
9079671,K05609.01,FALSE POSITIVE
9079767,K05610.01,FALSE POSITIVE
9087853,K05612.01,FALSE POSITIVE
9097470,K05613.01,FALSE POSITIVE
9935983,K05736.01,FALSE POSITIVE
9941136,K05737.01,FALSE POSITIVE
9942658,K05740.01,FALSE POSITIVE
7132462,K05360.01,FALSE POSITIVE
7186436,K05365.01,FALSE POSITIVE
8223445,K05487.01,FALSE POSITIVE
9114614,K05616.01,FALSE POSITIVE
9116510,K05618.01,FALSE POSITIVE
9953491,K05741.01,FALSE POSITIVE
9962595,K05745.01,FALSE POSITIVE
9968924,K05747.01,FALSE POSITIVE
9993683,K05748.01,CONFIRMED
7198587,K05369.01,FALSE POSITIVE
7204233,K05371.01,FALSE POSITIVE
7205717,K05372.01,FALSE POSITIVE
7206422,K05373.01,FALSE POSITIVE
7213311,K05375.01,FALSE POSITIVE
8279146,K05497.01,FALSE POSITIVE
8294683,K05499.01,FALSE POSITIVE
8295087,K05500.01,FALSE POSITIVE
8307489,K05502.01,FALSE POSITIVE
9147012,K05625.01,CONFIRMED
9147029,K05626.01,CONFIRMED
9157030,K05628.01,FALSE POSITIVE
9157523,K05629.01,FALSE POSITIVE
9994381,K05749.01,FALSE POSITIVE
10007916,K05755.01,FALSE POSITIVE
7282470,K05379.01,FALSE POSITIVE
7289139,K05380.01,FALSE POSITIVE
8352009,K05506.01,FALSE POSITIVE
8378278,K05509.01,FALSE POSITIVE
9166700,K05632.01,CONFIRMED
9173014,K05633.01,FALSE POSITIVE
9178894,K05635.01,FALSE POSITIVE
10027861,K05758.01,FALSE POSITIVE
10083325,K05761.01,FALSE POSITIVE
10090854,K05762.01,FALSE POSITIVE
10098540,K05764.01,FALSE POSITIVE
7377343,K05384.01,CONFIRMED
7383840,K05385.01,FALSE POSITIVE
7416016,K05387.01,FALSE POSITIVE
7416306,K05388.01,FALSE POSITIVE
7416646,K05389.01,FALSE POSITIVE
7440715,K05390.01,FALSE POSITIVE
8395870,K05511.01,FALSE POSITIVE
8396288,K05512.01,CONFIRMED
8415353,K05514.01,FALSE POSITIVE
8429817,K05515.01,CONFIRMED
8432249,K05517.01,FALSE POSITIVE
8439618,K05518.01,FALSE POSITIVE
9209981,K05638.01,FALSE POSITIVE
9210738,K05639.01,FALSE POSITIVE
9214176,K05640.01,FALSE POSITIVE
9217583,K05642.01,FALSE POSITIVE
9220614,K05643.01,FALSE POSITIVE
10146103,K05769.01,CONFIRMED
7458743,K05393.01,FALSE POSITIVE
7539277,K05398.01,FALSE POSITIVE
11444772,K05897.01,FALSE POSITIVE
11444974,K05898.01,FALSE POSITIVE
11446961,K05899.01,FALSE POSITIVE
11453930,K05900.01,FALSE POSITIVE
11456256,K05901.01,FALSE POSITIVE
11457664,K05902.01,FALSE POSITIVE
11465658,K05903.01,FALSE POSITIVE
11513366,K05907.01,FALSE POSITIVE
11520114,K05909.01,CONFIRMED
11520465,K05910.01,FALSE POSITIVE
11559493,K05911.01,FALSE POSITIVE
11598638,K05912.01,FALSE POSITIVE
11598894,K05913.01,FALSE POSITIVE
11599937,K05915.01,CONFIRMED
11601425,K05917.01,FALSE POSITIVE
11601633,K05918.01,FALSE POSITIVE
11601972,K05919.01,FALSE POSITIVE
11614808,K05921.01,FALSE POSITIVE
11615258,K05922.01,FALSE POSITIVE
11615521,K05923.01,FALSE POSITIVE
11616434,K05924.01,FALSE POSITIVE
11651240,K05925.01,FALSE POSITIVE
11716643,K05929.01,FALSE POSITIVE
11722217,K05930.01,FALSE POSITIVE
11803074,K05932.01,FALSE POSITIVE
11807906,K05933.01,FALSE POSITIVE
11811382,K05934.01,FALSE POSITIVE
11824578,K05937.01,FALSE POSITIVE
11860294,K05938.01,FALSE POSITIVE
11868941,K05939.01,FALSE POSITIVE
11905398,K05940.01,CONFIRMED
11910670,K05941.01,FALSE POSITIVE
11911929,K05942.01,FALSE POSITIVE
11923213,K05943.01,FALSE POSITIVE
11959893,K05945.01,FALSE POSITIVE
12007270,K05948.01,FALSE POSITIVE
12009917,K05949.01,FALSE POSITIVE
12020376,K05950.01,FALSE POSITIVE
12071775,K05952.01,FALSE POSITIVE
12102775,K05953.01,FALSE POSITIVE
12105086,K05954.01,FALSE POSITIVE
12121701,K05956.01,FALSE POSITIVE
12168895,K05959.01,FALSE POSITIVE
12170767,K05960.01,CONFIRMED
12253490,K05961.01,FALSE POSITIVE
12300524,K05964.01,FALSE POSITIVE
12349560,K05965.01,FALSE POSITIVE
10967168,K05845.01,FALSE POSITIVE
10977671,K05846.01,CONFIRMED
10978581,K05847.01,FALSE POSITIVE
10979952,K05848.01,FALSE POSITIVE
10989620,K05849.01,FALSE POSITIVE
10991389,K05850.01,FALSE POSITIVE
12401859,K05967.01,FALSE POSITIVE
12402588,K05968.01,FALSE POSITIVE
12418418,K05971.01,FALSE POSITIVE
12505590,K05972.01,FALSE POSITIVE
12506986,K05973.01,FALSE POSITIVE
10991431,K05851.01,FALSE POSITIVE
11021266,K05852.01,FALSE POSITIVE
11021676,K05853.01,FALSE POSITIVE
11026582,K05854.01,CONFIRMED
11036168,K05855.01,CONFIRMED
12554212,K05974.01,CONFIRMED
12734110,K05978.01,FALSE POSITIVE
12735793,K05979.01,FALSE POSITIVE
11069681,K05859.01,FALSE POSITIVE
11072982,K05860.01,FALSE POSITIVE
11080702,K05863.01,CONFIRMED
11082795,K05864.01,FALSE POSITIVE
11090926,K05866.01,FALSE POSITIVE
11097752,K05867.01,FALSE POSITIVE
11098704,K05868.01,FALSE POSITIVE
11100170,K05869.01,FALSE POSITIVE
11129145,K05870.01,FALSE POSITIVE
11145391,K05871.01,FALSE POSITIVE
11147785,K05873.01,FALSE POSITIVE
11152511,K05874.01,CONFIRMED
11182213,K05876.01,FALSE POSITIVE
11183752,K05877.01,FALSE POSITIVE
11191364,K05878.01,FALSE POSITIVE
11198419,K05879.01,FALSE POSITIVE
11251991,K05881.01,FALSE POSITIVE
11305417,K05883.01,FALSE POSITIVE
11340218,K05885.01,FALSE POSITIVE
11341266,K05886.01,FALSE POSITIVE
11348610,K05888.01,FALSE POSITIVE
11351454,K05889.01,FALSE POSITIVE
11355925,K05890.01,FALSE POSITIVE
11391512,K05891.01,FALSE POSITIVE
11393248,K05892.01,FALSE POSITIVE
11393633,K05893.01,FALSE POSITIVE
11407847,K05895.01,FALSE POSITIVE
11414368,K05896.01,FALSE POSITIVE
8355178,K06178.02,FALSE POSITIVE
8374077,K06179.01,CONFIRMED
8494783,K06180.02,FALSE POSITIVE
8590149,K06182.01,FALSE POSITIVE
10055126,K01608.03,FALSE POSITIVE
8590149,K06182.02,FALSE POSITIVE
3559935,K00492.02,FALSE POSITIVE
9285265,K03410.02,FALSE POSITIVE
3559860,K03440.02,FALSE POSITIVE
5384713,K03444.04,FALSE POSITIVE
6364582,K03456.02,FALSE POSITIVE
9947653,K04647.02,CONFIRMED
6527078,K04657.02,FALSE POSITIVE
12416597,K04895.02,FALSE POSITIVE
2019477,K06093.02,FALSE POSITIVE
8158127,K01015.03,CONFIRMED
2852810,K06097.02,FALSE POSITIVE
2852810,K06097.03,FALSE POSITIVE
8822421,K06188.01,FALSE POSITIVE
4472818,K03878.02,FALSE POSITIVE
8934103,K04009.02,FALSE POSITIVE
3532985,K05987.01,FALSE POSITIVE
10718726,K00600.02,FALSE POSITIVE
2852810,K06097.04,FALSE POSITIVE
3229028,K06100.02,FALSE POSITIVE
5956656,K01053.02,CONFIRMED
9093086,K06191.01,FALSE POSITIVE
9015738,K01616.02,FALSE POSITIVE
7954278,K07859.01,FALSE POSITIVE
9093086,K06191.02,FALSE POSITIVE
9145861,K06194.01,FALSE POSITIVE
9153823,K06195.01,CONFIRMED
10089911,K04034.02,FALSE POSITIVE
3747817,K04103.02,FALSE POSITIVE
8162789,K00521.02,FALSE POSITIVE
5613330,K00649.02,FALSE POSITIVE
3545840,K06102.01,FALSE POSITIVE
3634051,K06103.01,CONFIRMED
3634051,K06103.02,FALSE POSITIVE
6975129,K01628.03,CONFIRMED
9828127,K04192.02,FALSE POSITIVE
5177859,K04246.02,FALSE POSITIVE
11081504,K04287.02,CONFIRMED
8110757,K07865.01,FALSE POSITIVE
3645438,K04385.03,FALSE POSITIVE
8278685,K04435.02,FALSE POSITIVE
5511659,K04541.02,FALSE POSITIVE
4139254,K06108.01,FALSE POSITIVE
10141900,K01082.04,CONFIRMED
4255944,K06111.01,FALSE POSITIVE
9655711,K06209.01,FALSE POSITIVE
5856571,K01839.02,CONFIRMED
8222395,K07873.01,FALSE POSITIVE
8107150,K07863.01,FALSE POSITIVE
4739229,K06118.01,FALSE POSITIVE
4739229,K06118.02,FALSE POSITIVE
8620565,K01250.02,FALSE POSITIVE
4742420,K06120.01,FALSE POSITIVE
9655711,K06209.02,FALSE POSITIVE
9974142,K06214.02,FALSE POSITIVE
9008103,K03283.03,FALSE POSITIVE
8780959,K03741.04,FALSE POSITIVE
5769810,K04913.02,FALSE POSITIVE
4742420,K06120.02,FALSE POSITIVE
4157325,K01860.04,CONFIRMED
10200627,K06217.01,FALSE POSITIVE
8332521,K04567.02,FALSE POSITIVE
8242769,K07875.01,FALSE POSITIVE
10964440,K01310.02,CONFIRMED
5428657,K06130.01,CONFIRMED
5629353,K06132.01,CONFIRMED
4736569,K01996.02,FALSE POSITIVE
10662202,K00750.03,FALSE POSITIVE
9008103,K03283.02,CONFIRMED
5629353,K06132.03,CONFIRMED
4078157,K01319.02,FALSE POSITIVE
5816144,K06137.01,FALSE POSITIVE
11968463,K02433.06,CONFIRMED
11968463,K02433.07,FALSE POSITIVE
11074835,K02533.03,FALSE POSITIVE
5792202,K00841.04,FALSE POSITIVE
6032730,K06141.01,FALSE POSITIVE
6116172,K06142.02,FALSE POSITIVE
9839821,K02012.02,CONFIRMED
11462969,K06239.01,FALSE POSITIVE
5792202,K00841.05,FALSE POSITIVE
6221385,K06145.03,FALSE POSITIVE
11566064,K00353.03,CONFIRMED
11656928,K06242.03,FALSE POSITIVE
7825899,K00896.03,CONFIRMED
6946708,K06151.01,FALSE POSITIVE
11775507,K06245.01,FALSE POSITIVE
11775507,K06245.02,FALSE POSITIVE
11856178,K06246.01,CONFIRMED
6768394,K02086.04,FALSE POSITIVE
10545066,K00337.02,FALSE POSITIVE
7663405,K01519.02,FALSE POSITIVE
11358389,K02163.03,FALSE POSITIVE
5706595,K02183.03,FALSE POSITIVE
12885212,K02184.02,FALSE POSITIVE
3548044,K02194.03,FALSE POSITIVE
8168187,K02209.02,CONFIRMED
9605514,K00945.03,FALSE POSITIVE
9418619,K06068.01,FALSE POSITIVE
7835312,K06164.01,FALSE POSITIVE
9221517,K02281.02,FALSE POSITIVE
11623629,K00365.02,FALSE POSITIVE
10730703,K02327.02,FALSE POSITIVE
4665571,K02393.02,CONFIRMED
7289317,K02450.02,CONFIRMED
7375348,K00266.02,CONFIRMED
1432789,K00992.02,CONFIRMED
12266636,K01522.02,CONFIRMED
7974634,K06168.01,FALSE POSITIVE
8182107,K07870.01,FALSE POSITIVE
7974634,K06168.02,FALSE POSITIVE
8163784,K06172.01,FALSE POSITIVE
2305866,K02610.02,FALSE POSITIVE
5184911,K02719.02,FALSE POSITIVE
6436029,K02828.02,FALSE POSITIVE
7767162,K02869.02,FALSE POSITIVE
9478990,K00423.02,FALSE POSITIVE
10793172,K02871.03,FALSE POSITIVE
11404644,K06085.01,FALSE POSITIVE
8165617,K06173.01,FALSE POSITIVE
8223568,K06176.01,FALSE POSITIVE
8355178,K06178.01,CONFIRMED
4770174,K02971.02,FALSE POSITIVE
9838804,K03028.02,FALSE POSITIVE
9020114,K03088.02,FALSE POSITIVE
7983117,K03214.02,CONFIRMED
9966219,K03401.02,FALSE POSITIVE
7219825,K00238.03,FALSE POSITIVE
9958962,K00593.04,FALSE POSITIVE
1718189,K00993.03,FALSE POSITIVE
8263187,K07878.01,FALSE POSITIVE
2019477,K06093.01,FALSE POSITIVE
9518710,K03207.01,FALSE POSITIVE
7289338,K03420.01,CONFIRMED
8218379,K01920.02,FALSE POSITIVE
11450414,K01992.03,CONFIRMED
5706592,K06618.01,FALSE POSITIVE
8364232,K07882.01,FALSE POSITIVE
6670742,K06753.01,FALSE POSITIVE
7592529,K06889.01,FALSE POSITIVE
7592922,K06890.01,FALSE POSITIVE
7602351,K06892.01,FALSE POSITIVE
8362974,K07023.01,FALSE POSITIVE
9301564,K07157.01,FALSE POSITIVE
10089123,K07283.01,FALSE POSITIVE
8555967,K07894.01,FALSE POSITIVE
3765917,K04526.02,CONFIRMED
3547760,K04535.02,FALSE POSITIVE
8216763,K04838.02,FALSE POSITIVE
6767227,K04871.02,FALSE POSITIVE
3854496,K06368.01,FALSE POSITIVE
3936061,K06372.01,FALSE POSITIVE
3972432,K06375.01,FALSE POSITIVE
5860347,K06631.01,FALSE POSITIVE
6715997,K06762.01,FALSE POSITIVE
6763884,K06763.01,FALSE POSITIVE
6768616,K06765.01,FALSE POSITIVE
8394475,K07032.01,FALSE POSITIVE
9340411,K07162.01,FALSE POSITIVE
10163067,K07291.01,FALSE POSITIVE
11241560,K07426.01,FALSE POSITIVE
11244571,K07427.01,FALSE POSITIVE
11282568,K07430.01,FALSE POSITIVE
11286311,K07432.01,FALSE POSITIVE
8043638,K00460.02,FALSE POSITIVE
11176166,K05875.02,CONFIRMED
1293379,K06253.01,FALSE POSITIVE
4076061,K06384.01,FALSE POSITIVE
5951140,K06635.01,FALSE POSITIVE
5966732,K06641.01,FALSE POSITIVE
6842345,K06774.01,FALSE POSITIVE
6853172,K06776.01,FALSE POSITIVE
6859546,K06777.01,FALSE POSITIVE
7687365,K06904.01,FALSE POSITIVE
7700500,K06907.01,FALSE POSITIVE
8442795,K07040.01,FALSE POSITIVE
8443812,K07041.01,FALSE POSITIVE
9397900,K07169.01,FALSE POSITIVE
9458266,K07174.01,FALSE POSITIVE
10264293,K07301.01,FALSE POSITIVE
10290021,K07305.01,FALSE POSITIVE
11288492,K07434.01,FALSE POSITIVE
11288772,K07435.01,FALSE POSITIVE
11296724,K07437.01,FALSE POSITIVE
1871483,K06256.01,FALSE POSITIVE
2161949,K06259.01,FALSE POSITIVE
2161949,K06259.02,FALSE POSITIVE
5083138,K06511.01,FALSE POSITIVE
5087223,K06513.01,FALSE POSITIVE
5092799,K06516.01,FALSE POSITIVE
6019971,K06646.01,FALSE POSITIVE
6864706,K06781.01,FALSE POSITIVE
6867219,K06783.01,FALSE POSITIVE
6878408,K06786.01,FALSE POSITIVE
7755741,K06913.02,FALSE POSITIVE
9480398,K07179.01,FALSE POSITIVE
9490342,K07180.01,FALSE POSITIVE
9513168,K07182.01,FALSE POSITIVE
12116489,K00547.02,CONFIRMED
11411639,K07445.01,FALSE POSITIVE
2283362,K06262.01,FALSE POSITIVE
2301068,K06263.01,FALSE POSITIVE
2422820,K06267.01,FALSE POSITIVE
4274071,K06399.01,CONFIRMED
4282390,K06401.01,FALSE POSITIVE
5115688,K06526.01,FALSE POSITIVE
6045093,K06653.01,FALSE POSITIVE
6057750,K06657.01,FALSE POSITIVE
8391983,K07884.01,FALSE POSITIVE
6947623,K06793.01,CONFIRMED
7811211,K06918.01,FALSE POSITIVE
7812893,K06919.01,FALSE POSITIVE
7816935,K06921.01,FALSE POSITIVE
7868967,K06925.01,FALSE POSITIVE
8489260,K07889.01,FALSE POSITIVE
10388451,K07319.01,FALSE POSITIVE
10396708,K07320.01,CONFIRMED
11495989,K07449.01,FALSE POSITIVE
11551652,K07455.01,FALSE POSITIVE
2449245,K06274.01,FALSE POSITIVE
2557350,K06276.01,FALSE POSITIVE
4372620,K06409.01,CONFIRMED
5171707,K06532.01,FALSE POSITIVE
6111011,K06664.01,FALSE POSITIVE
6128245,K06666.01,FALSE POSITIVE
6956176,K06798.01,FALSE POSITIVE
7902204,K06931.01,FALSE POSITIVE
8566113,K07061.01,FALSE POSITIVE
9588862,K07195.01,FALSE POSITIVE
9596064,K07197.01,FALSE POSITIVE
9596892,K07199.01,FALSE POSITIVE
10450504,K07327.01,FALSE POSITIVE
10464199,K07330.01,FALSE POSITIVE
11602794,K07460.01,FALSE POSITIVE
5193439,K06538.01,FALSE POSITIVE
6187508,K06672.01,CONFIRMED
6209225,K06676.01,FALSE POSITIVE
7939761,K06934.01,CONFIRMED
8613446,K07069.01,FALSE POSITIVE
8624860,K07072.01,FALSE POSITIVE
8625408,K07073.01,FALSE POSITIVE
8686442,K07074.01,FALSE POSITIVE
8693536,K07076.01,CONFIRMED
9635520,K07205.01,FALSE POSITIVE
9639106,K07208.01,FALSE POSITIVE
9640123,K07209.01,FALSE POSITIVE
10546063,K07339.01,FALSE POSITIVE
11650543,K07467.01,FALSE POSITIVE
11671646,K07470.01,FALSE POSITIVE
11672354,K07471.01,FALSE POSITIVE
2716979,K06291.01,FALSE POSITIVE
2834463,K06293.01,FALSE POSITIVE
4567118,K06425.01,FALSE POSITIVE
5263167,K06546.01,FALSE POSITIVE
6265961,K06680.01,CONFIRMED
7103300,K06819.01,FALSE POSITIVE
8007675,K06949.01,FALSE POSITIVE
9651602,K07215.01,FALSE POSITIVE
10586619,K07345.01,FALSE POSITIVE
11773625,K07479.01,FALSE POSITIVE
2970670,K06299.01,FALSE POSITIVE
2994092,K06301.01,FALSE POSITIVE
8297017,K07879.01,FALSE POSITIVE
5295206,K06557.01,FALSE POSITIVE
6307000,K06687.01,FALSE POSITIVE
6345758,K06689.01,FALSE POSITIVE
8016692,K06954.01,FALSE POSITIVE
8042644,K06957.01,FALSE POSITIVE
8760760,K07088.01,FALSE POSITIVE
8807057,K07093.01,FALSE POSITIVE
9658089,K07220.01,FALSE POSITIVE
9674320,K07223.01,FALSE POSITIVE
9693803,K07224.01,FALSE POSITIVE
10659624,K07354.01,FALSE POSITIVE
10665228,K07358.01,FALSE POSITIVE
11825996,K07483.01,CONFIRMED
11854636,K07484.01,FALSE POSITIVE
11904704,K07489.01,FALSE POSITIVE
8091197,K06960.01,FALSE POSITIVE
8098960,K06966.01,FALSE POSITIVE
8845552,K07099.01,FALSE POSITIVE
9790965,K07231.02,FALSE POSITIVE
9811915,K07232.01,FALSE POSITIVE
10665749,K07359.01,FALSE POSITIVE
10670112,K07360.01,FALSE POSITIVE
10680424,K07361.01,FALSE POSITIVE
5897826,K00126.02,FALSE POSITIVE
3240158,K01106.03,FALSE POSITIVE
2837111,K01110.02,FALSE POSITIVE
3246867,K06315.01,FALSE POSITIVE
3249334,K06318.01,FALSE POSITIVE
3324069,K06320.01,FALSE POSITIVE
4760959,K06449.01,FALSE POSITIVE
4764969,K06450.01,FALSE POSITIVE
4830859,K06454.01,FALSE POSITIVE
5353938,K06568.01,FALSE POSITIVE
5380812,K06570.01,FALSE POSITIVE
6423922,K06705.01,FALSE POSITIVE
6436505,K06707.01,CONFIRMED
8488381,K07888.01,FALSE POSITIVE
8115647,K06970.01,FALSE POSITIVE
8120820,K06971.01,CONFIRMED
8881169,K07106.01,FALSE POSITIVE
9821428,K07235.01,FALSE POSITIVE
9837013,K07236.01,FALSE POSITIVE
10751908,K07370.01,FALSE POSITIVE
10812541,K07375.01,CONFIRMED
12016243,K07506.01,FALSE POSITIVE
11129738,K01427.02,FALSE POSITIVE
10028792,K01574.04,CONFIRMED
4860678,K01602.02,CONFIRMED
5531953,K01681.04,FALSE POSITIVE
7765528,K01840.02,FALSE POSITIVE
5456979,K06579.01,FALSE POSITIVE
5466109,K06582.01,FALSE POSITIVE
7217088,K06849.01,FALSE POSITIVE
8145958,K06978.01,FALSE POSITIVE
8155654,K06980.01,FALSE POSITIVE
8167504,K06983.01,FALSE POSITIVE
8958811,K07116.01,FALSE POSITIVE
8958939,K07117.01,FALSE POSITIVE
8958939,K07117.02,FALSE POSITIVE
10815677,K07376.01,FALSE POSITIVE
10843431,K07378.01,CONFIRMED
10848097,K07380.01,CONFIRMED
10866969,K07383.01,FALSE POSITIVE
12067960,K07510.01,FALSE POSITIVE
6307083,K02050.02,FALSE POSITIVE
7620413,K02103.02,FALSE POSITIVE
11705004,K02199.02,CONFIRMED
2854181,K02232.02,FALSE POSITIVE
5978559,K02321.02,FALSE POSITIVE
8838950,K02421.02,FALSE POSITIVE
6867555,K02439.02,FALSE POSITIVE
12208631,K02449.02,FALSE POSITIVE
3346543,K06329.01,FALSE POSITIVE
3356193,K06331.01,FALSE POSITIVE
7335514,K06860.01,FALSE POSITIVE
8180290,K06985.01,FALSE POSITIVE
9025739,K07125.01,FALSE POSITIVE
9909965,K07252.01,FALSE POSITIVE
10932270,K07389.01,FALSE POSITIVE
12304728,K07520.01,FALSE POSITIVE
7778767,K02523.02,FALSE POSITIVE
9026749,K02564.02,FALSE POSITIVE
10916600,K02623.02,FALSE POSITIVE
6198182,K02636.02,FALSE POSITIVE
5695396,K00283.03,FALSE POSITIVE
6964929,K02756.02,CONFIRMED
3547178,K06342.01,FALSE POSITIVE
3548622,K06343.01,FALSE POSITIVE
4939265,K06475.01,CONFIRMED
8308516,K07880.01,FALSE POSITIVE
5564082,K06600.01,FALSE POSITIVE
6551106,K06731.01,FALSE POSITIVE
6584278,K06733.01,FALSE POSITIVE
6590726,K06734.01,FALSE POSITIVE
7345335,K06862.01,FALSE POSITIVE
8227086,K06993.01,FALSE POSITIVE
8227464,K06994.01,CONFIRMED
9085039,K07129.01,FALSE POSITIVE
9099773,K07133.01,FALSE POSITIVE
9943009,K07258.01,FALSE POSITIVE
9944201,K07259.01,FALSE POSITIVE
9959093,K07264.01,FALSE POSITIVE
11019739,K07400.01,CONFIRMED
8709688,K03019.02,FALSE POSITIVE
2716801,K03053.02,FALSE POSITIVE
3230805,K03068.02,FALSE POSITIVE
11810124,K03344.03,FALSE POSITIVE
9349757,K03348.02,FALSE POSITIVE
3219037,K03395.02,FALSE POSITIVE
9117416,K03425.03,FALSE POSITIVE
3663494,K06352.01,FALSE POSITIVE
4995716,K06484.01,FALSE POSITIVE
5597361,K06601.01,FALSE POSITIVE
5617510,K06605.01,FALSE POSITIVE
6603765,K06739.01,FALSE POSITIVE
7381580,K06872.01,FALSE POSITIVE
8248103,K07002.01,CONFIRMED
8256882,K07003.01,FALSE POSITIVE
8283875,K07007.01,FALSE POSITIVE
9150870,K07136.01,FALSE POSITIVE
10002049,K07270.01,FALSE POSITIVE
10019854,K07272.01,FALSE POSITIVE
11068630,K07404.01,FALSE POSITIVE
11092783,K07408.01,FALSE POSITIVE
12454800,K07534.01,FALSE POSITIVE
12458817,K07535.01,FALSE POSITIVE
12519942,K07539.01,FALSE POSITIVE
12555616,K07540.01,CONFIRMED
7100673,K04032.05,CONFIRMED
3937814,K04084.02,CONFIRMED
3937814,K04084.03,FALSE POSITIVE
4548098,K04157.02,FALSE POSITIVE
3733638,K06353.01,FALSE POSITIVE
3748855,K06355.01,FALSE POSITIVE
3748855,K06355.02,FALSE POSITIVE
3765692,K06358.01,FALSE POSITIVE
5702770,K06617.01,FALSE POSITIVE
6614748,K06745.01,FALSE POSITIVE
6628926,K06746.01,FALSE POSITIVE
6664842,K06750.01,FALSE POSITIVE
6665064,K06751.01,FALSE POSITIVE
6670610,K06752.01,FALSE POSITIVE
7447895,K06878.01,CONFIRMED
7461521,K06882.01,FALSE POSITIVE
9203154,K07144.01,FALSE POSITIVE
9221627,K07148.01,FALSE POSITIVE
10053138,K07279.01,FALSE POSITIVE
10066755,K07281.01,FALSE POSITIVE
10070479,K07282.01,FALSE POSITIVE
7119481,K00566.02,FALSE POSITIVE
11182260,K07415.01,FALSE POSITIVE
11187972,K07416.01,FALSE POSITIVE
8773015,K04301.02,FALSE POSITIVE
9883606,K04383.02,FALSE POSITIVE
9836563,K04421.02,CONFIRMED
6508221,K00416.04,FALSE POSITIVE
9100953,K04500.03,FALSE POSITIVE
11559304,K07617.01,FALSE POSITIVE
4735826,K03184.03,CONFIRMED
5003670,K04524.03,FALSE POSITIVE
8973285,K04782.02,FALSE POSITIVE
2861126,K04957.02,FALSE POSITIVE
8105398,K05475.02,FALSE POSITIVE
4758350,K06447.02,FALSE POSITIVE
4862625,K06464.03,CONFIRMED
3965201,K07546.01,FALSE POSITIVE
4862924,K07554.01,FALSE POSITIVE
5271090,K07558.01,FALSE POSITIVE
5444276,K07559.01,FALSE POSITIVE
6443274,K07567.01,FALSE POSITIVE
5602588,K02369.03,FALSE POSITIVE
6876575,K07572.01,FALSE POSITIVE
8096395,K07587.01,FALSE POSITIVE
8168509,K07589.01,FALSE POSITIVE
10397751,K02859.05,CONFIRMED
8297319,K07591.01,FALSE POSITIVE
8423344,K07592.01,FALSE POSITIVE
8444868,K07593.01,FALSE POSITIVE
8677057,K07903.01,FALSE POSITIVE
8702537,K07905.01,FALSE POSITIVE
9043947,K07920.01,FALSE POSITIVE
8880317,K07915.01,FALSE POSITIVE
10253977,K08201.01,FALSE POSITIVE
10351947,K08205.01,FALSE POSITIVE
10160922,K07990.01,FALSE POSITIVE
10198225,K07991.01,CONFIRMED
10214341,K07992.01,FALSE POSITIVE
10515564,K08211.01,FALSE POSITIVE
10321972,K07998.01,FALSE POSITIVE
10331279,K08000.01,FALSE POSITIVE
5802205,K08107.01,FALSE POSITIVE
5858919,K08109.01,FALSE POSITIVE
10907307,K08217.01,FALSE POSITIVE
10403228,K08007.01,FALSE POSITIVE
5955197,K08111.01,FALSE POSITIVE
6114140,K08117.01,FALSE POSITIVE
11338091,K08221.01,FALSE POSITIVE
11446424,K08223.01,FALSE POSITIVE
10452252,K08012.01,FALSE POSITIVE
6507334,K08122.01,FALSE POSITIVE
11872364,K08232.01,FALSE POSITIVE
12554485,K08238.01,FALSE POSITIVE
10536241,K08026.01,FALSE POSITIVE
10790401,K08031.01,FALSE POSITIVE
12647757,K08241.01,FALSE POSITIVE
3629119,K08242.01,FALSE POSITIVE
4446859,K08246.01,FALSE POSITIVE
9084569,K07923.01,FALSE POSITIVE
9087580,K07924.01,FALSE POSITIVE
9099607,K07925.01,FALSE POSITIVE
10844823,K08033.01,FALSE POSITIVE
10862759,K08035.01,FALSE POSITIVE
10920281,K08037.01,FALSE POSITIVE
11032748,K08039.01,FALSE POSITIVE
4572728,K08249.01,FALSE POSITIVE
5098334,K08253.01,FALSE POSITIVE
9210820,K07930.01,FALSE POSITIVE
9227215,K07931.01,FALSE POSITIVE
9278575,K07932.01,FALSE POSITIVE
11139682,K08043.01,FALSE POSITIVE
11182706,K08046.01,FALSE POSITIVE
11294822,K08047.01,FALSE POSITIVE
5683219,K08257.01,FALSE POSITIVE
5956171,K08259.01,FALSE POSITIVE
9390228,K07934.01,FALSE POSITIVE
9469494,K07938.01,FALSE POSITIVE
9521317,K07940.01,FALSE POSITIVE
11296205,K08048.01,FALSE POSITIVE
11350634,K08050.01,FALSE POSITIVE
11358305,K08052.01,FALSE POSITIVE
11392362,K08053.01,FALSE POSITIVE
11443757,K08054.01,CONFIRMED
8439949,K08156.01,FALSE POSITIVE
6356506,K08263.01,FALSE POSITIVE
11453349,K08055.01,FALSE POSITIVE
8608544,K08159.02,FALSE POSITIVE
8708961,K08163.01,FALSE POSITIVE
7832787,K08270.01,FALSE POSITIVE
8022520,K08272.01,FALSE POSITIVE
9604563,K07949.01,FALSE POSITIVE
9640649,K07951.01,FALSE POSITIVE
9650579,K07953.01,FALSE POSITIVE
9650762,K07954.01,FALSE POSITIVE
11714107,K08063.01,FALSE POSITIVE
11904835,K08068.01,FALSE POSITIVE
8329346,K08275.01,FALSE POSITIVE
8637903,K08276.01,FALSE POSITIVE
8673511,K08277.01,FALSE POSITIVE
9011955,K08279.01,FALSE POSITIVE
9159288,K08280.01,FALSE POSITIVE
8873873,K08174.01,FALSE POSITIVE
9592621,K08286.01,FALSE POSITIVE
12156930,K08076.01,FALSE POSITIVE
12266099,K08077.01,FALSE POSITIVE
12307496,K08078.01,FALSE POSITIVE
12602999,K08082.01,FALSE POSITIVE
9268159,K08180.01,FALSE POSITIVE
9468848,K08183.01,FALSE POSITIVE
9873004,K07970.01,FALSE POSITIVE
9906688,K07976.01,FALSE POSITIVE
2284957,K08085.01,FALSE POSITIVE
3663850,K08089.01,FALSE POSITIVE
12168280,K08297.01,FALSE POSITIVE
9938836,K07978.01,FALSE POSITIVE
10011213,K07982.01,FALSE POSITIVE
10028127,K08193.01,FALSE POSITIVE
10128825,K07986.01,FALSE POSITIVE
10155286,K07988.01,FALSE POSITIVE
